{"cameraMode":{"drawMode":0,"name":"Shaded","section":"Shading Mode"},"sceneLighting":true,"audioPlay":false,"sceneViewState":{"showFog":true,"showMaterialUpdate":false,"showSkybox":true,"showFlares":true,"showImageEffects":true,"showParticleSystems":true},"in2DMode":false,"pivot":{"x":13.192967414855957,"y":-20.594017028808595,"z":30.83515739440918},"rotation":{"x":0.24347010254859925,"y":0.15717065334320069,"z":-0.040017008781433108,"w":0.9562522768974304},"size":67.30874633789063,"orthographic":false}