{"cameraMode":{"drawMode":0,"name":"Shaded","section":"Shading Mode"},"sceneLighting":true,"audioPlay":false,"sceneViewState":{"showFog":false,"showMaterialUpdate":false,"showSkybox":false,"showFlares":false,"showImageEffects":false,"showParticleSystems":false},"in2DMode":false,"pivot":{"x":4.309601306915283,"y":3.978200912475586,"z":-2.423187255859375},"rotation":{"x":0.4043801724910736,"y":-0.019204244017601014,"z":0.00849323533475399,"w":0.9143511652946472},"size":14.516502380371094,"orthographic":false}