{"cameraMode":{"drawMode":0,"name":"Shaded","section":"Shading Mode"},"sceneLighting":true,"audioPlay":false,"sceneViewState":{"showFog":false,"showMaterialUpdate":false,"showSkybox":false,"showFlares":false,"showImageEffects":false,"showParticleSystems":false},"in2DMode":false,"pivot":{"x":-4.076245307922363,"y":5.903861999511719,"z":-1.0054540634155274},"rotation":{"x":-0.47770583629608157,"y":-0.09114450216293335,"z":0.04991056025028229,"w":-0.8723524808883667},"size":40.010372161865237,"orthographic":false}